{
  "properties": {
    "Name": "policyName",
    "displayName": "[Deploy] : deployIfNotExists policy display name.",
    "description": "deployIfNotExists policy description.",
    "policyType": "Custom",
    "mode": "Indexed",
    "metadata": {
      "category": "Guest Configuration"
    },
    "policyRule": {
      "if": {
        "allOf": [
          {
            "field": "type",
            "equals": "Microsoft.Compute/virtualMachines"
          },
          {
            "anyOf": [
              {
                "allOf": [
                  {
                    "field": "Microsoft.Compute/imagePublisher",
                    "equals": "Canonical"
                  },
                  {
                    "field": "Microsoft.Compute/imageOffer",
                    "equals": "UbuntuServer"
                  },
                  {
                    "anyOf": [
                      {
                        "field": "Microsoft.Compute/imageSKU",
                        "match": "14.04.#-LTS"
                      },
                      {
                        "field": "Microsoft.Compute/imageSKU",
                        "match": "16.04.#-LTS"
                      },
                      {
                        "field": "Microsoft.Compute/imageSKU",
                        "equals": "16.04-LTS"
                      },
                      {
                        "field": "Microsoft.Compute/imageSKU",
                        "match": "18.04-LTS"
                      }
                    ]
                  }
                ]
              },
              {
                "allOf": [
                  {
                    "field": "Microsoft.Compute/imagePublisher",
                    "equals": "Suse"
                  },
                  {
                    "field": "Microsoft.Compute/imageOffer",
                    "equals": "SLES"
                  },
                  {
                    "field": "Microsoft.Compute/imageSKU",
                    "equals": "12-SP3"
                  }
                ]
              },
              {
                "allOf": [
                  {
                    "field": "Microsoft.Compute/imagePublisher",
                    "equals": "RedHat"
                  },
                  {
                    "field": "Microsoft.Compute/imageOffer",
                    "equals": "RHEL"
                  },
                  {
                    "field": "Microsoft.Compute/imageSKU",
                    "in": [
                      "7-RAW",
                      "7.4"
                    ]
                  }
                ]
              },
              {
                "allOf": [
                  {
                    "field": "Microsoft.Compute/imagePublisher",
                    "equals": "credativ"
                  },
                  {
                    "field": "Microsoft.Compute/imageOffer",
                    "equals": "Debian"
                  },
                  {
                    "field": "Microsoft.Compute/imageSKU",
                    "in": [
                      "9",
                      "8"
                    ]
                  }
                ]
              },
              {
                "allOf": [
                  {
                    "field": "Microsoft.Compute/imagePublisher",
                    "equals": "OpenLogic"
                  },
                  {
                    "field": "Microsoft.Compute/imageOffer",
                    "equals": "CentOS"
                  },
                  {
                    "field": "Microsoft.Compute/imageSKU",
                    "in": [
                      "7.5",
                      "7.4",
                      "7.3"
                    ]
                  }
                ]
              }
            ]
          }
        ]
      },
      "then": {
        "effect": "deployIfNotExists",
        "details": {
          "type": "Microsoft.GuestConfiguration/guestConfigurationAssignments",
          "roleDefinitionIds": [
            "/providers/microsoft.authorization/roleDefinitions/b24988ac-6180-42a0-ab88-20f7382dd24c"
          ],
          "name": "policyName",
          "deployment": {
            "properties": {
              "mode": "incremental",
              "parameters": {
                "vmName": {
                  "value": "[field('name')]"
                },
                "location": {
                  "value": "[field('location')]"
                },
                "configurationName": {
                  "value": "policyName"
                },
                "contentUri": {
                  "value": "contentUri"
                },
                "contentHash": {
                  "value": "contentHash"
                }
              },
              "template": {
                "$schema": "https://schema.management.azure.com/schemas/2015-01-01/deploymentTemplate.json#",
                "contentVersion": "1.0.0.0",
                "parameters": {
                  "vmName": {
                    "type": "string"
                  },
                  "location": {
                    "type": "string"
                  },
                  "configurationName": {
                    "type": "string"
                  },
                  "contentUri": {
                    "type": "string"
                  },
                  "contentHash": {
                    "type": "string"
                  }
                },
                "resources": [
                  {
                    "apiVersion": "2018-06-30-preview",
                    "type": "Microsoft.Compute/virtualMachines/providers/guestConfigurationAssignments",
                    "name": "[concat(parameters('vmName'), '/Microsoft.GuestConfiguration/', parameters('configurationName'))]",
                    "location": "[parameters('location')]",
                    "properties": {
                      "guestConfiguration": {
                        "name": "[parameters('configurationName')]",
                        "contentUri": "[parameters('contentUri')]",
                        "contentHash": "[parameters('contentHash')]",
                        "version": "1.*"
                      }
                    }
                  },
                  {
                    "apiVersion": "2017-03-30",
                    "type": "Microsoft.Compute/virtualMachines",
                    "identity": {
                      "type": "SystemAssigned"
                    },
                    "name": "[parameters('vmName')]",
                    "location": "[parameters('location')]"
                  },
                  {
                    "apiVersion": "2015-05-01-preview",
                    "name": "[concat(parameters('vmName'), '/AzurePolicyforLinux')]",
                    "type": "Microsoft.Compute/virtualMachines/extensions",
                    "location": "[parameters('location')]",
                    "properties": {
                      "publisher": "Microsoft.GuestConfiguration",
                      "type": "ConfigurationforLinux",
                      "typeHandlerVersion": "1.0",
                      "autoUpgradeMinorVersion": true
                    },
                    "dependsOn": [
                      "[concat('Microsoft.Compute/virtualMachines/',parameters('vmName'),'/providers/Microsoft.GuestConfiguration/guestConfigurationAssignments/',parameters('configurationName'))]"
                    ]
                  }
                ]
              }
            }
          }
        }
      }
    }
  },
  "id": "/providers/Microsoft.Authorization/policyDefinitions/0b1a79ba-5efc-425b-ae9f-b754575ff6f8",
  "name": "0b1a79ba-5efc-425b-ae9f-b754575ff6f8"
}