{
  "properties": {
    "Name": "policyName",
    "displayName": "[Deploy] : deployIfNotExists policy display name",
    "description": "deployIfNotExists policy description.",
    "policyType": "Custom",
    "mode": "Indexed",
    "metadata": {
      "category": "Guest Configuration"
    },
    "policyRule": {
      "if": {
        "allOf": [
          {
            "field": "type",
            "equals": "Microsoft.Compute/virtualMachines"
          },
          {
            "allOf": [
              {
                "field": "Microsoft.Compute/imagePublisher",
                "equals": "MicrosoftWindowsServer"
              },
              {
                "field": "Microsoft.Compute/imageOffer",
                "equals": "WindowsServer"
              },
              {
                "field": "Microsoft.Compute/imageSKU",
                "in": [
                  "2012-Datacenter",
                  "2012-Datacenter-smalldisk",
                  "2012-R2-Datacenter",
                  "2012-R2-Datacenter-smalldisk",
                  "2016-Datacenter",
                  "2016-Datacenter-Server-Core",
                  "2016-Datacenter-Server-Core-smalldisk",
                  "2016-Datacenter-smalldisk",
                  "2016-Datacenter-with-Containers",
                  "2016-Datacenter-with-RDSH"
                ]
              }
            ]
          }
        ]
      },
      "then": {
        "effect": "deployIfNotExists",
        "details": {
          "type": "Microsoft.GuestConfiguration/guestConfigurationAssignments",
          "roleDefinitionIds": [
              "/providers/microsoft.authorization/roleDefinitions/b24988ac-6180-42a0-ab88-20f7382dd24c"
          ],           
          "name": "policyName",
          "deployment": {
            "properties": {
              "mode": "incremental",
              "parameters": {
                "vmName": {
                  "value": "[field('name')]"
                },
                "location": {
                  "value": "[field('location')]"
                },
                "configurationName": {
                  "value": "policyName"
                },
                "contentUri": {
                  "value": "contentUri"
                },
                "contentHash": {
                  "value": "contentHash"
                }
              },
              "template": {
                "$schema": "https://schema.management.azure.com/schemas/2015-01-01/deploymentTemplate.json#",
                "contentVersion": "1.0.0.0",
                "parameters": {
                  "vmName": {
                    "type": "string"
                  },
                  "location": {
                    "type": "string"
                  },
                  "configurationName": {
                    "type": "string"
                  },
                  "contentUri": {
                    "type": "string"
                  },
                  "contentHash": {
                    "type": "string"
                  }
                },
                "resources": [
                  {
                    "apiVersion": "2018-06-30-preview",
                    "type": "Microsoft.Compute/virtualMachines/providers/guestConfigurationAssignments",
                    "name": "[concat(parameters('vmName'), '/Microsoft.GuestConfiguration/', parameters('configurationName'))]",
                    "location": "[parameters('location')]",
                    "properties": {
                      "guestConfiguration": {
                        "name": "[parameters('configurationName')]",
                        "contentUri": "[parameters('contentUri')]",
                        "contentHash": "[parameters('contentHash')]",
                        "version": "1.*"
                      }
                    }
                  },
                  {
                    "apiVersion": "2017-03-30",
                    "type": "Microsoft.Compute/virtualMachines",
                    "identity": {
                      "type": "SystemAssigned"
                    },
                    "name": "[parameters('vmName')]",
                    "location": "[parameters('location')]"
                  },
                  {
                    "apiVersion": "2015-05-01-preview",
                    "name": "[concat(parameters('vmName'), '/AzurePolicyforWindows')]",
                    "type": "Microsoft.Compute/virtualMachines/extensions",
                    "location": "[parameters('location')]",
                    "properties": {
                      "publisher": "Microsoft.GuestConfiguration",
                      "type": "ConfigurationforWindows",
                      "typeHandlerVersion": "1.1",
                      "autoUpgradeMinorVersion": true,
                      "settings": {},
                      "protectedSettings": {}
                    },
                    "dependsOn": [
                      "[concat('Microsoft.Compute/virtualMachines/',parameters('vmName'),'/providers/Microsoft.GuestConfiguration/guestConfigurationAssignments/',parameters('configurationName'))]"
                    ]
                  }
                ]
              }
            }
          }
        }
      }
    }
  },
  "id": "/providers/Microsoft.Authorization/policyDefinitions/0b1a79ba-5efc-425b-ae9f-b754575ff6f8",
  "name": "0b1a79ba-5efc-425b-ae9f-b754575ff6f8"
}