{
  "properties": {
      "displayName": "[Initiative]: Policy initiative display name.",
      "description": "Policy initiative description.",
      "metadata": {
          "category": "Guest Configuration"
      },
      "policyDefinitions": [
          {
              "policyDefinitionId": "/providers/Microsoft.Authorization/policyDefinitions/0b1a79ba-5efc-425b-ae9f-b754575ff6f8",
              "policyDefinitionReferenceId": "Deploy_Policy"
          },
          {
              "policyDefinitionId": "/providers/Microsoft.Authorization/policyDefinitions/9d6fd08c-949f-487d-8ab9-2815d0fda90b",
              "policyDefinitionReferenceId": "Audit_Policy"
          }
      ]
  },
  "id": "/providers/Microsoft.Authorization/policySetDefinitions/ab5c1f7f-305c-4f98-8d07-0088fa59f271",
  "name": "ab5c1f7f-305c-4f98-8d07-0088fa59f271"
}